date,entry_time,exit_time,device,user_id
2023-01-01,19:24:53,20:52:53,Tablet,OPjXgj1U
2023-01-02,12:36:18,14:19:18,Mobile,q0bmB5Ty
2023-01-02,14:53:57,15:38:57,Tablet,ONQuwiIc
2023-01-02,21:59:46,23:18:46,Desktop,JFTGhGxj
2023-01-03,07:52:57,09:37:57,Desktop,IayiHcTG
2023-01-03,08:29:49,09:23:49,Desktop,QceKcLOd
2023-01-03,13:03:22,15:00:22,Tablet,DiH2IJ2z
2023-01-03,13:08:44,14:39:44,Mobile,F6BmIrnc
2023-01-03,13:59:32,15:27:32,Desktop,vdK1O2Ob
2023-01-03,14:29:43,15:01:43,Tablet,Ld1Ajfpt
2023-01-03,15:14:19,16:37:19,Mobile,Tmb841bS
2023-01-03,18:04:56,19:45:56,Mobile,v6sY7B6u
2023-01-05,19:01:32,20:46:32,Mobile,cqudxlKI
2023-01-06,13:39:56,15:36:56,Desktop,3uCeBBy4
2023-01-06,22:02:40,23:38:40,Tablet,qyr0mgbv
2023-01-07,15:15:32,16:23:32,Desktop,s73E8KmK
2023-01-07,19:54:37,21:28:37,Desktop,YjRKUmuk
2023-01-07,20:23:58,20:51:58,Desktop,zO6dmlH5
2023-01-08,09:32:29,11:26:29,Mobile,ao20mzEB
2023-01-09,12:21:29,13:29:29,Tablet,iUOClc2t
2023-01-09,18:24:35,19:41:35,Mobile,02rIgurC
2023-01-10,07:56:24,08:58:24,Tablet,r8N4y217
2023-01-10,11:15:04,13:12:04,Mobile,vmLPoyJe
2023-01-10,17:00:30,17:26:30,Tablet,cGp1BvPV
2023-01-10,18:29:35,18:54:35,Tablet,jk0FAS5E
2023-01-11,10:12:24,11:14:24,Tablet,Q4Sh8hTd
2023-01-11,20:45:48,22:37:48,Tablet,G7MsAKZI
2023-01-12,09:37:25,11:31:25,Tablet,y9kopEFr
2023-01-12,18:36:06,19:41:06,Desktop,CebeTLsq
2023-01-12,19:10:43,20:30:43,Desktop,KL4mBLIu
2023-01-12,22:36:38,00:02:38,Tablet,6tQZqlS5
2023-01-12,22:54:22,23:31:22,Mobile,GYb2xiXn
2023-01-13,07:35:27,08:10:27,Mobile,1p8bcDbJ
2023-01-13,13:19:38,13:46:38,Mobile,F3uhoOIj
2023-01-13,17:53:00,19:33:00,Tablet,JEmjhe05
2023-01-13,19:58:57,20:38:57,Mobile,7wQOxvBa
2023-01-13,20:12:04,20:28:04,Tablet,WPRHhoSD
2023-01-14,08:06:09,09:45:09,Tablet,WccsrL7m
2023-01-14,12:38:39,14:36:39,Mobile,6c6ii6h6
2023-01-14,16:33:58,18:00:58,Tablet,TlSxslrs
2023-01-15,15:11:57,15:23:57,Mobile,Kx3dQ905
2023-01-16,07:59:48,09:59:48,Mobile,3gzMPmDC
2023-01-16,09:26:49,10:21:49,Tablet,7fC5fq8v
2023-01-16,12:17:45,12:58:45,Tablet,V9fmDEzz
2023-01-16,17:36:04,19:08:04,Desktop,uQ45KygU
2023-01-17,07:27:06,08:04:06,Mobile,Ugvzu8Ui
2023-01-17,12:03:57,12:38:57,Tablet,Ao0ILTmd
2023-01-17,16:25:12,16:40:12,Desktop,64H6dH3I
2023-01-17,19:16:11,21:03:11,Desktop,rCYNRjgO
2023-01-18,16:32:43,18:06:43,Desktop,9nP9Qmrc
2023-01-18,18:07:51,18:21:51,Mobile,R1sthsVS
2023-01-18,22:19:44,22:36:44,Tablet,2S0bD5Ve
2023-01-19,10:17:05,12:02:05,Tablet,mmVYf6jJ
2023-01-19,12:24:09,14:21:09,Mobile,LhrDq0DH
2023-01-19,13:31:29,15:25:29,Tablet,C0dixKo8
2023-01-20,14:09:10,15:31:10,Desktop,QfDC9Wee
2023-01-20,18:52:50,19:02:50,Mobile,fQ0noaqi
2023-01-20,20:18:29,22:17:29,Tablet,3ezONGE8
2023-01-21,11:53:10,13:37:10,Mobile,Y4syB5wr
2023-01-21,18:08:50,20:04:50,Tablet,iN4nQLaK
2023-01-21,18:31:31,19:56:31,Desktop,mK1Gms7t
2023-01-22,09:57:20,11:21:20,Desktop,p3DFs5AQ
2023-01-22,11:55:52,13:46:52,Mobile,Fv4lJi8q
2023-01-22,17:31:52,19:03:52,Desktop,x25ro6Da
2023-01-22,19:15:03,20:06:03,Mobile,1EwKuPNU
2023-01-23,12:10:21,13:52:21,Mobile,UFdMs19B
2023-01-23,12:59:00,13:51:00,Mobile,dwDigTEy
2023-01-24,10:02:24,11:09:24,Tablet,xzB0hQ54
2023-01-24,10:06:00,10:32:00,Desktop,tth7KGXf
2023-01-24,10:15:12,12:12:12,Desktop,tTnABvK5
2023-01-24,12:55:25,13:15:25,Desktop,uK5dzm0l
2023-01-24,16:16:26,18:11:26,Mobile,uycjy23z
2023-01-25,11:10:56,12:11:56,Tablet,Fns3dwYa
2023-01-25,15:06:13,15:18:13,Tablet,GfeiH0yu
2023-01-25,18:17:50,19:17:50,Mobile,AiqBLPBx
2023-01-26,18:27:32,20:01:32,Mobile,Q0t2ud0R
2023-01-26,19:09:36,19:38:36,Mobile,rvHVpFhF
2023-01-27,15:27:03,16:32:03,Mobile,jiXoamSO
2023-01-27,15:34:02,16:43:02,Mobile,DvciXjhL
2023-01-27,17:56:55,19:48:55,Tablet,XC62DBey
2023-01-27,20:09:48,20:24:48,Mobile,hGjF9DVs
2023-01-28,07:13:57,07:34:57,Mobile,TUqSYOyn
2023-01-28,14:29:11,16:04:11,Desktop,3xQex2dm
2023-01-28,19:17:43,21:12:43,Mobile,mjQgd0Um
2023-01-28,21:14:13,23:10:13,Tablet,tMY4RO2L
2023-01-28,22:43:38,23:56:38,Tablet,w8cNpo5b
2023-01-29,20:42:16,21:20:16,Mobile,J1GXYLfi
2023-01-30,08:28:21,09:19:21,Desktop,ocDcH9eU
2023-01-30,08:39:57,10:27:57,Desktop,WKwwaNc0
2023-01-31,11:45:05,13:14:05,Mobile,MvrjGy7e
2023-01-31,18:56:50,20:46:50,Desktop,MgJhtQe1
2023-01-31,20:13:31,20:32:31,Tablet,UCdf3BqY
2023-02-01,09:52:01,11:31:01,Desktop,qsR1gD10
2023-02-01,15:25:45,17:13:45,Mobile,jMeiMo1j
2023-02-02,09:20:16,10:52:16,Tablet,BHeO41LG
2023-02-02,22:50:25,23:31:25,Tablet,chF8JXxK
2023-02-03,19:39:27,20:33:27,Desktop,k42H7VnE
2023-02-04,10:16:07,11:58:07,Desktop,5Kc34vb5
2023-02-04,14:12:07,16:08:07,Desktop,XuezpIJ9
2023-02-04,18:19:51,18:58:51,Mobile,aOsQYgYR
2023-02-05,07:45:49,08:55:49,Mobile,4yaYJbon
2023-02-05,15:22:08,16:28:08,Mobile,8k8kTLhH
2023-02-06,14:08:14,15:54:14,Tablet,vE7Xj5Yr
2023-02-06,14:39:34,14:59:34,Tablet,HyJ6U57w
2023-02-06,18:31:30,20:21:30,Tablet,KTxsayb8
2023-02-07,07:59:51,08:35:51,Desktop,L9j4ACtj
2023-02-07,16:23:08,18:06:08,Tablet,smZNw5qm
2023-02-07,19:07:18,19:42:18,Mobile,75Z0rsBc
2023-02-08,10:34:36,11:17:36,Desktop,lVfOCAgy
2023-02-08,11:12:44,13:10:44,Desktop,61W9sV6d
2023-02-08,12:23:54,12:36:54,Mobile,hIvVt9g9
2023-02-08,17:17:52,18:51:52,Mobile,GU7L91Wl
2023-02-08,18:20:54,19:50:54,Desktop,EFLZsPw4
2023-02-09,18:26:36,18:48:36,Desktop,a6TTu50C
2023-02-10,08:54:16,10:53:16,Desktop,KeE7lG72
2023-02-10,16:41:24,17:06:24,Mobile,cjhf6S5M
2023-02-10,18:27:23,19:01:23,Tablet,1mrINpud
2023-02-12,07:18:18,08:21:18,Desktop,2ihhRUlC
2023-02-12,08:38:17,10:33:17,Tablet,ZUjEFab4
2023-02-12,17:04:16,18:40:16,Desktop,HbHr113P
2023-02-13,08:36:47,09:11:47,Mobile,wHDPtMmR
2023-02-13,10:38:01,10:58:01,Desktop,6Ufqp0OW
2023-02-13,15:15:51,15:35:51,Desktop,anTsGcVe
2023-02-13,18:04:35,18:57:35,Mobile,kFb9SiGl
2023-02-14,13:07:06,14:07:06,Tablet,qynjgwJ5
2023-02-14,20:54:57,22:52:57,Tablet,pcGrvbyk
2023-02-15,14:18:00,15:59:00,Mobile,uzQxhBJH
2023-02-15,22:57:51,23:59:51,Desktop,jBBM64Tk
2023-02-16,10:40:44,12:03:44,Desktop,xVDy6zvQ
2023-02-16,21:49:15,23:36:15,Desktop,rpiEynso
2023-02-17,08:26:26,09:52:26,Tablet,15aOymbV
2023-02-17,17:13:26,18:50:26,Desktop,sEuhK4Go
2023-02-17,18:31:32,20:25:32,Mobile,0DtkKlIl
2023-02-18,07:29:14,09:17:14,Desktop,SfS8GcNg
2023-02-19,10:01:41,10:12:41,Mobile,jMIMTedq
2023-02-19,13:15:36,14:55:36,Tablet,r0Ci0WE0
2023-02-19,14:37:40,14:52:40,Mobile,Db1pGHTR
2023-02-19,20:27:53,22:22:53,Desktop,7cKenmnQ
2023-02-19,22:00:45,22:57:45,Mobile,xeC3A94G
2023-02-20,07:00:31,07:21:31,Tablet,CHSpCzbo
2023-02-22,11:58:49,12:55:49,Tablet,pmxMEH7c
2023-02-22,12:36:09,14:23:09,Mobile,wtIEyTa2
2023-02-23,09:10:45,10:37:45,Mobile,LtBOejaL
2023-02-24,17:11:08,18:43:08,Mobile,myDZo11u
2023-02-24,20:21:40,20:48:40,Tablet,U3ztHTbP
2023-02-24,21:40:58,22:42:58,Mobile,NfTBT58Y
2023-02-25,16:44:06,18:41:06,Mobile,XbriXwbh
2023-02-25,18:42:38,18:56:38,Desktop,Csn4sAGk
2023-02-26,13:15:53,14:39:53,Desktop,WoPpjC1E
2023-02-26,22:40:39,00:06:39,Mobile,0NG7jBFB
2023-02-27,08:58:32,09:46:32,Mobile,DD2IQBoz
2023-02-27,12:30:29,13:52:29,Tablet,jlBFTRGs
2023-02-27,15:26:42,15:44:42,Tablet,m5auJ35U
2023-02-27,16:01:44,16:19:44,Desktop,K8I5n199
2023-02-27,18:03:57,18:53:57,Desktop,V7sJbvA1
2023-02-28,08:53:49,10:14:49,Mobile,DElGcADp
2023-02-28,10:56:57,11:08:57,Tablet,99DeywMt
2023-02-28,11:01:09,12:11:09,Mobile,kcwGt5tv
2023-02-28,11:52:37,12:27:37,Desktop,uQX3rite
2023-02-28,17:37:17,19:25:17,Mobile,lg9QfvoK
2023-02-28,18:44:48,19:08:48,Mobile,5PF3MFU0
2023-03-01,08:31:46,08:52:46,Desktop,PiVL9gRX
2023-03-01,13:47:47,15:44:47,Desktop,NtL03DNB
2023-03-01,15:05:16,15:27:16,Mobile,mBgUVojs
2023-03-01,19:08:21,20:15:21,Mobile,7Wqyb0hF
2023-03-01,22:39:57,23:20:57,Tablet,rpuz00c5
2023-03-02,07:36:45,08:51:45,Mobile,WQhBpvS2
2023-03-02,08:52:22,09:47:22,Desktop,lLPhNkRd
2023-03-02,10:50:51,12:04:51,Desktop,kwAm9Y4R
2023-03-02,15:34:46,16:29:46,Mobile,tJFbSi5A
2023-03-03,12:01:40,13:19:40,Tablet,toGuKdgw
2023-03-03,22:40:35,00:06:35,Tablet,cGWJR9QQ
2023-03-04,08:58:27,10:47:27,Mobile,V5WiQEE2
2023-03-04,16:24:09,17:19:09,Desktop,bsCLmhKA
2023-03-04,20:28:54,21:43:54,Desktop,1A9L5fle
2023-03-05,11:00:27,11:37:27,Desktop,PAX6Rc0w
2023-03-05,11:02:02,11:15:02,Tablet,X6qZr5Co
2023-03-05,16:18:57,16:39:57,Mobile,3zjhN0TR
2023-03-05,19:57:41,20:38:41,Desktop,hsxMP7mv
2023-03-05,21:06:54,22:47:54,Desktop,D5KOdlle
2023-03-05,22:21:05,23:58:05,Tablet,LZdssuKu
2023-03-06,08:25:23,08:58:23,Desktop,2tupMvRO
2023-03-06,16:18:23,17:11:23,Mobile,wF6Ojkf9
2023-03-08,18:39:12,19:15:12,Desktop,MkvBWk5y
2023-03-08,18:40:50,20:12:50,Mobile,WtRSY8XI
2023-03-09,07:50:44,08:28:44,Mobile,KSc65VAX
2023-03-09,09:33:39,09:57:39,Desktop,NZKcT8iU
2023-03-09,09:53:43,10:42:43,Mobile,4cYFd7vq
2023-03-09,10:04:06,10:20:06,Desktop,FittjbCD
2023-03-09,21:12:12,23:10:12,Desktop,Zo24KvYZ
2023-03-10,09:54:47,11:18:47,Tablet,zaS60vVi
2023-03-10,11:12:37,12:29:37,Mobile,aWJ9c23u
2023-03-10,12:03:48,12:44:48,Tablet,7C56iDxn
2023-03-10,20:50:49,21:38:49,Tablet,YPUqmua5
2023-03-10,21:31:19,21:58:19,Tablet,5qFAhxav
2023-03-10,22:14:06,23:19:06,Tablet,Bu1bqTRd
2023-03-10,22:18:11,22:39:11,Desktop,BDukMOCz
2023-03-11,15:22:02,16:47:02,Mobile,sQSZpwHH
2023-03-11,19:00:37,20:32:37,Desktop,zHFBX9qR
2023-03-12,07:57:38,09:37:38,Mobile,xtYPc8Mx
2023-03-12,08:03:43,09:27:43,Mobile,q15ESGYS
2023-03-12,11:15:57,13:15:57,Tablet,jeuKmcqf
2023-03-12,17:20:53,19:12:53,Tablet,WhRUwLsm
2023-03-12,22:35:27,23:18:27,Desktop,GbCQzfjT
2023-03-13,08:37:11,10:13:11,Mobile,hsDvTMWi
2023-03-13,08:42:45,09:08:45,Tablet,qQUzdZky
2023-03-13,11:46:53,13:24:53,Desktop,jQpjT3kZ
2023-03-13,12:09:37,12:24:37,Mobile,8Z0nT1GK
2023-03-14,09:04:19,10:53:19,Desktop,1BtWw3IJ
2023-03-14,13:23:18,15:22:18,Mobile,rZ2JSonL
2023-03-14,19:16:47,20:16:47,Mobile,rhVRAOF9
2023-03-14,21:24:39,22:38:39,Tablet,xqgXPxQk
2023-03-14,22:07:00,23:34:00,Mobile,pXH4uT57
2023-03-15,17:22:33,17:55:33,Tablet,sL38BYDN
2023-03-15,19:05:27,21:05:27,Mobile,CM25l5u5
2023-03-15,22:44:51,23:05:51,Desktop,R4gNhXnM
2023-03-16,11:59:20,12:52:20,Desktop,zRPy9wwe
2023-03-16,12:35:07,12:45:07,Mobile,QcJhUiqC
2023-03-16,14:18:46,14:52:46,Desktop,RJnOyWri
2023-03-16,14:57:41,16:39:41,Tablet,z9n60oRZ
2023-03-16,15:40:11,17:08:11,Mobile,Ap3KKSgD
2023-03-16,16:20:07,16:31:07,Mobile,NIi65Fxc
2023-03-16,16:39:50,18:22:50,Mobile,wek89m7t
2023-03-16,21:27:36,22:29:36,Tablet,1gSZVNAq
2023-03-16,21:29:22,22:38:22,Tablet,V8r6h8YW
2023-03-18,13:51:22,15:17:22,Mobile,3Avaq5Sx
2023-03-18,18:36:10,20:34:10,Desktop,YcmSqJFc
2023-03-18,22:13:19,23:19:19,Mobile,CzlMcaDN
2023-03-18,22:51:33,00:51:33,Mobile,h1pDgYKn
2023-03-19,09:03:28,10:10:28,Tablet,32NE7Tu2
2023-03-19,10:23:47,10:58:47,Desktop,vSinbTEt
2023-03-19,13:43:03,15:04:03,Tablet,ezL2yswi
2023-03-19,15:42:56,16:48:56,Tablet,4u4Uisax
2023-03-20,08:16:07,10:09:07,Desktop,acMFvSGd
2023-03-20,10:56:33,12:10:33,Desktop,1qZkcFRB
2023-03-20,14:21:51,15:55:51,Mobile,WfcsK5Ik
2023-03-20,19:58:04,21:41:04,Desktop,U8LFCnxr
2023-03-21,18:57:41,20:39:41,Mobile,QwhHEPAA
2023-03-21,19:37:17,20:01:17,Desktop,sEsJEnAE
2023-03-21,22:10:33,23:31:33,Mobile,ycWlLLZx
2023-03-21,22:50:42,23:13:42,Desktop,Ekx5Ge7q
2023-03-22,08:36:39,09:38:39,Tablet,qRkHkUxa
2023-03-24,08:46:31,09:19:31,Mobile,HqiMzN9M
2023-03-24,12:22:13,14:08:13,Desktop,gl5hztGZ
2023-03-24,13:47:18,15:14:18,Tablet,Y8l0bdKD
2023-03-24,16:57:22,18:57:22,Tablet,3XF4kPVW
2023-03-25,08:17:00,09:43:00,Mobile,Let6hyyq
2023-03-25,10:28:38,10:54:38,Desktop,K19CDROH
2023-03-25,10:33:11,11:05:11,Mobile,5QdJsTRz
2023-03-25,11:30:25,12:20:25,Mobile,UhTq6Leo
2023-03-25,13:30:28,14:29:28,Tablet,eSY45meq
2023-03-25,14:08:48,16:00:48,Tablet,Fkaf9aJI
2023-03-25,16:14:08,17:25:08,Desktop,FqYX9Nsh
2023-03-25,17:13:33,18:18:33,Mobile,Iu6g9dkE
2023-03-25,17:27:00,17:53:00,Mobile,B8KCfbBu
2023-03-25,21:34:55,22:01:55,Tablet,x6xGp7kF
2023-03-26,16:24:36,16:48:36,Desktop,JIDXncTV
2023-03-26,17:13:00,17:25:00,Desktop,3AJa8zbf
2023-03-27,10:13:30,10:33:30,Mobile,buTPkdOW
2023-03-28,12:33:15,13:07:15,Desktop,Kw3YIUyH
2023-03-28,14:29:29,16:10:29,Mobile,ebZbmbvt
2023-03-28,14:45:12,15:22:12,Desktop,qERGEq1b
2023-03-29,09:48:52,10:35:52,Mobile,4Nt10Y8r
2023-03-29,17:42:58,19:30:58,Desktop,Jf22juew
2023-03-29,18:24:56,19:38:56,Desktop,BoB58n7F
2023-03-29,21:28:42,21:59:42,Tablet,nLQaXW0g
2023-03-30,15:49:13,16:27:13,Desktop,DRZjK6l5
2023-03-30,15:57:31,17:00:31,Mobile,AmhwT5Ym
2023-03-30,16:37:44,16:58:44,Tablet,an8RuGeq
2023-03-30,19:49:39,21:40:39,Mobile,lPtiKOEY
2023-03-30,22:08:37,23:38:37,Desktop,5Hfw1J45
2023-04-01,13:12:08,13:33:08,Mobile,iYkDH9zB
2023-04-02,17:19:21,17:48:21,Tablet,10CzcFmR
2023-04-03,09:15:53,09:48:53,Desktop,S6iXM2xU
2023-04-03,11:42:40,12:44:40,Desktop,zFgjqgMF
2023-04-03,16:21:27,16:44:27,Tablet,yN4HfC1s
2023-04-04,12:17:27,14:09:27,Desktop,JClNRFwq
2023-04-04,21:43:33,23:23:33,Mobile,626KJUPO
2023-04-06,15:01:32,16:46:32,Tablet,7zUnzQVM
2023-04-07,12:11:41,13:40:41,Tablet,XY8yAE2x
2023-04-07,13:02:32,13:44:32,Mobile,U6RyzlBa
2023-04-08,07:09:05,07:53:05,Desktop,8xP7FKWI
2023-04-08,12:50:22,13:07:22,Mobile,YXLmnOT8
2023-04-08,13:39:26,14:26:26,Mobile,piz1u0a2
2023-04-09,08:19:53,10:00:53,Mobile,wOXgPumF
2023-04-09,14:37:17,15:10:17,Desktop,ShzNrFTG
2023-04-09,15:17:43,15:50:43,Desktop,RnqHrkRr
2023-04-10,07:48:34,09:11:34,Mobile,S7cYno3y
2023-04-10,21:11:39,21:22:39,Tablet,CmLZlehe
2023-04-11,15:18:53,15:31:53,Mobile,hrufqueT
2023-04-11,17:48:27,19:31:27,Tablet,Faffo7gj
2023-04-11,18:52:04,19:43:04,Mobile,uJnp0I9c
2023-04-11,20:30:20,21:59:20,Tablet,llluyVqe
2023-04-12,11:21:56,13:12:56,Desktop,jWYHL2U0
2023-04-12,14:06:58,15:25:58,Desktop,Ho4B5o48
2023-04-12,18:18:22,19:07:22,Desktop,x5TzYGsZ
2023-04-12,22:34:07,23:03:07,Tablet,GhvxxhmN
2023-04-13,10:36:33,12:12:33,Tablet,Uy9S6ERG
2023-04-13,12:57:00,14:21:00,Mobile,MmPlbMuX
2023-04-13,18:57:25,19:48:25,Desktop,r3xfcpTB
2023-04-14,10:32:38,11:32:38,Tablet,LQVitG9V
2023-04-14,21:29:15,22:04:15,Tablet,z4RJ5qAk
2023-04-14,21:29:55,21:44:55,Tablet,6BfEK2dc
2023-04-16,15:22:54,16:03:54,Tablet,MS12Sgw8
2023-04-16,20:25:50,20:41:50,Mobile,4brAGIsj
2023-04-16,22:45:51,00:19:51,Desktop,SU9C94ZA
2023-04-17,07:08:10,08:38:10,Desktop,bGRypPNm
2023-04-17,11:08:19,12:33:19,Desktop,uhjtDuco
2023-04-17,17:24:40,17:47:40,Desktop,Wcr5GJJc
2023-04-17,22:04:24,22:56:24,Mobile,PYVKoQEp
2023-04-17,22:46:51,23:59:51,Desktop,3XSNGfFG
2023-04-18,19:42:22,21:36:22,Mobile,f2KzIe9C
2023-04-18,20:07:09,21:53:09,Tablet,G5YpIupa
2023-04-18,22:01:06,23:46:06,Mobile,LxCexI4U
2023-04-19,12:58:15,14:45:15,Desktop,pfajhTDo
2023-04-19,20:29:26,21:05:26,Tablet,BiD2vxaw
2023-04-19,21:44:38,22:09:38,Mobile,Z7B2o6jd
2023-04-19,22:29:07,23:24:07,Mobile,2TFMRQ7o
2023-04-21,12:21:47,12:44:47,Tablet,9EyI8Nnz
2023-04-21,14:49:31,16:01:31,Tablet,HOPTjPoq
2023-04-21,16:33:54,17:21:54,Mobile,dMRA4Wdw
2023-04-21,16:45:49,18:27:49,Tablet,7au6Nsm3
2023-04-22,08:19:00,09:20:00,Desktop,ac543AVm
2023-04-22,12:02:53,13:04:53,Tablet,nDzTLedy
2023-04-22,16:43:03,17:08:03,Desktop,x6j0MTLp
2023-04-22,17:51:33,19:44:33,Desktop,8OIfwMkb
2023-04-22,21:26:09,22:39:09,Tablet,1h39Dm95
2023-04-23,21:21:16,23:03:16,Mobile,HIe1o7nX
2023-04-23,22:10:36,23:10:36,Tablet,SCvZpNyk
2023-04-25,07:24:18,08:50:18,Tablet,oHlSYCBp
2023-04-26,10:37:10,11:56:10,Desktop,92lKEEKB
2023-04-26,22:13:58,23:55:58,Mobile,se9ilQv5
2023-04-27,16:51:37,18:24:37,Desktop,zL4HFJgn
2023-04-28,12:14:16,12:38:16,Tablet,tQOT9LvA
2023-04-29,11:01:28,11:54:28,Desktop,uzIMR6mc
2023-04-29,12:28:57,14:06:57,Desktop,AhK9YOcQ
2023-04-29,12:34:28,14:14:28,Tablet,mu1J0EbW
2023-04-29,19:42:26,20:27:26,Desktop,yWFwZOne
2023-04-29,20:44:59,22:03:59,Tablet,4QQ9u2St
2023-04-30,10:04:26,10:53:26,Mobile,fRfN5EMp
2023-04-30,15:15:07,16:22:07,Mobile,og5COGo2
2023-04-30,18:28:24,20:18:24,Tablet,VYNOOWoW
2023-04-30,19:33:06,21:00:06,Desktop,P53FeWOm
2023-04-30,21:36:22,22:34:22,Mobile,uy6nirsq
2023-05-01,08:13:24,09:38:24,Tablet,ljKzYXgk
2023-05-01,15:42:27,16:34:27,Mobile,ceUmLfEq
2023-05-01,20:24:32,21:20:32,Desktop,YLkfyCx4
2023-05-02,13:25:07,14:54:07,Tablet,zf1Lk7ug
2023-05-02,16:15:40,17:21:40,Tablet,VCByWf4J
2023-05-02,17:33:58,18:49:58,Mobile,jM6HVwq4
2023-05-03,08:44:27,10:16:27,Desktop,3SpzhDog
2023-05-03,08:52:59,09:25:59,Desktop,Z0zHLBtQ
2023-05-03,09:35:41,09:58:41,Tablet,wTVVqTak
2023-05-03,12:26:37,12:57:37,Desktop,TM2KyEMJ
2023-05-03,16:32:55,17:26:55,Desktop,fRARloCv
2023-05-04,09:47:13,11:09:13,Mobile,Mszo8v8A
2023-05-04,14:45:08,15:15:08,Mobile,HLe20nWP
2023-05-04,22:26:17,00:26:17,Tablet,dbucx7wt
2023-05-05,14:39:32,16:11:32,Tablet,C3TC4JR9
2023-05-05,15:40:47,16:38:47,Tablet,X207p2QY
2023-05-05,18:55:56,20:36:56,Tablet,oZ5b6zI0
2023-05-05,22:24:00,23:48:00,Mobile,LvXWXrd0
2023-05-07,08:21:36,09:59:36,Desktop,2gf8CH9e
2023-05-07,08:58:41,09:32:41,Tablet,BqU0IU38
2023-05-07,10:14:12,10:47:12,Tablet,TNc1gb0c
2023-05-07,10:22:45,10:33:45,Mobile,LZ1zu20u
2023-05-07,17:06:19,18:11:19,Tablet,zu8YbIrM
2023-05-07,21:49:22,22:11:22,Mobile,VZMoMxQB
2023-05-08,08:55:09,10:29:09,Tablet,MFZqzgzl
2023-05-08,15:59:57,17:12:57,Tablet,ry34eCRl
2023-05-08,18:04:47,20:01:47,Mobile,cOjzJQDA
2023-05-08,20:53:52,22:10:52,Desktop,ZkfBBfgR
2023-05-09,10:38:11,10:56:11,Mobile,i6nCpWea
2023-05-10,11:31:21,12:28:21,Mobile,Llg6zwHm
2023-05-10,15:41:07,16:17:07,Tablet,tYQWKR4M
2023-05-11,07:28:25,08:35:25,Tablet,2EnlAcI3
2023-05-11,10:52:11,12:28:11,Tablet,6UGEO0la
2023-05-12,10:55:08,11:33:08,Desktop,HxUDXzvZ
2023-05-12,13:07:29,14:32:29,Mobile,ZeBzpzLQ
2023-05-12,17:25:38,17:59:38,Desktop,jSSG7PGh
2023-05-12,17:26:15,17:53:15,Tablet,evrnX9TO
2023-05-12,17:48:39,19:01:39,Mobile,t1hkhWIq
2023-05-13,17:12:16,18:42:16,Mobile,3RhTJhGr
2023-05-14,14:20:51,15:52:51,Tablet,7DuQgVan
2023-05-15,10:31:39,12:12:39,Mobile,1lcKPp6U
2023-05-16,14:43:08,15:08:08,Mobile,I6oIcAnK
2023-05-16,20:16:26,22:05:26,Desktop,k3iqEagr
2023-05-17,12:01:50,13:59:50,Tablet,KvAZ5hQA
2023-05-18,18:53:56,19:43:56,Desktop,LiZZk9ze
2023-05-19,12:31:56,13:25:56,Mobile,9RmtQ7yl
2023-05-19,20:24:51,21:59:51,Desktop,xWDAgrIw
2023-05-20,10:28:38,11:50:38,Tablet,nyDtfAms
2023-05-20,11:33:21,12:07:21,Tablet,WcoFKFKM
2023-05-20,12:26:47,14:07:47,Mobile,SlWBUsfL
2023-05-20,13:09:13,13:58:13,Mobile,euXS1uEn
2023-05-20,19:12:54,20:17:54,Mobile,Ibjefic6
2023-05-22,09:09:32,10:27:32,Desktop,ou7iiME9
2023-05-22,13:49:45,15:20:45,Desktop,uh3mAeIy
2023-05-22,15:19:43,16:19:43,Tablet,bywa9k29
2023-05-22,22:16:46,00:07:46,Desktop,AKrbkowr
2023-05-23,18:23:57,20:00:57,Mobile,dap18Ii2
2023-05-24,15:06:15,16:32:15,Desktop,fz9fT6wa
2023-05-25,17:03:03,18:59:03,Desktop,QcPtK0Bj
2023-05-26,12:23:20,13:07:20,Tablet,oIalW9gH
2023-05-26,14:12:54,15:55:54,Mobile,MjW7Q2G8
2023-05-26,14:36:14,16:28:14,Mobile,8nqd99q0
2023-05-26,17:04:32,18:32:32,Desktop,zXA3O9To
2023-05-27,07:48:23,08:24:23,Desktop,okZJkQC3
2023-05-27,18:19:06,20:15:06,Mobile,P8Z23SPC
2023-05-28,15:31:08,15:45:08,Desktop,PtDv4TbI
2023-05-28,21:51:49,22:37:49,Desktop,aqc8UfYv
2023-05-29,18:26:04,19:56:04,Desktop,L9CNHFgi
2023-05-30,11:15:13,12:44:13,Desktop,seZXnVW0
2023-05-31,11:28:20,13:22:20,Tablet,5EBAo0Ve
2023-05-31,16:03:50,16:54:50,Tablet,O1RvBkaG
2023-05-31,18:18:10,19:02:10,Mobile,04O0eJ5D
2023-05-31,19:59:10,20:31:10,Desktop,KsLN6XFU
2023-06-01,09:14:59,09:59:59,Mobile,B0wBmNlN
2023-06-01,09:48:43,10:59:43,Desktop,6UP4xybK
2023-06-01,09:53:54,10:49:54,Desktop,dxGHZDJm
2023-06-01,10:19:06,11:41:06,Desktop,WYXfXpgS
2023-06-01,11:01:28,12:16:28,Tablet,VzXN3y4Z
2023-06-01,12:06:50,12:56:50,Mobile,Z8l8kdzZ
2023-06-01,14:59:44,15:53:44,Mobile,zCvJvEMy
2023-06-01,19:12:08,21:07:08,Tablet,xtzVlrLw
2023-06-02,07:57:08,09:30:08,Desktop,hd5djc99
2023-06-02,08:43:56,10:30:56,Mobile,0ABakVui
2023-06-02,12:37:13,14:35:13,Desktop,swXEKQuO
2023-06-02,21:17:57,21:59:57,Mobile,Rb7btZuC
2023-06-03,08:45:59,10:03:59,Desktop,zXYhIrdD
2023-06-03,11:00:50,12:35:50,Desktop,3QHHtDTV
2023-06-03,16:10:56,16:51:56,Mobile,n1HKIuNu
2023-06-03,21:39:50,23:36:50,Tablet,rxwPlfhS
2023-06-04,10:30:26,11:24:26,Mobile,BnmW0qiq
2023-06-04,19:28:44,20:53:44,Tablet,Vnh72W8F
2023-06-05,13:40:01,14:36:01,Tablet,b2Xsg3Nb
2023-06-05,16:59:54,17:28:54,Mobile,X3JOEae5
2023-06-05,20:02:39,21:36:39,Mobile,ssjAmoEd
2023-06-06,07:19:26,07:38:26,Mobile,v3AFcXsk
2023-06-06,10:50:28,12:12:28,Mobile,7mZnIlcf
2023-06-06,19:33:53,20:03:53,Mobile,lOetpVv3
2023-06-06,20:58:29,21:29:29,Mobile,WJfZdjL9
2023-06-07,14:51:58,16:13:58,Tablet,oUqwmQoh
2023-06-07,19:17:46,19:50:46,Tablet,hJg1SCW0
2023-06-07,20:07:53,21:11:53,Desktop,1IL8a3Kb
2023-06-07,20:19:46,21:03:46,Tablet,ZrGzvbjC
2023-06-07,20:22:39,22:21:39,Desktop,GMXc1iCG
2023-06-09,20:17:27,21:13:27,Mobile,BAFfYiHD
2023-06-10,09:19:20,10:47:20,Desktop,y0RSIsaY
2023-06-10,09:19:48,09:53:48,Mobile,DkWfOIfk
2023-06-10,10:54:44,11:59:44,Desktop,RffTLwtu
2023-06-11,09:28:58,11:19:58,Mobile,UoDHXyGo
2023-06-11,13:19:44,15:12:44,Tablet,aGbD9CNx
2023-06-11,13:35:54,15:33:54,Desktop,hS0VSPMk
2023-06-12,09:10:24,10:45:24,Mobile,np6gaFS8
2023-06-12,10:42:39,11:44:39,Desktop,fTldfPT0
2023-06-12,12:27:06,14:22:06,Tablet,oj2SR8CV
2023-06-13,07:05:06,08:52:06,Tablet,lNOEsr6e
2023-06-13,11:58:59,13:58:59,Mobile,mfvITiVV
2023-06-14,10:46:37,12:21:37,Desktop,tJak7RhE
2023-06-14,18:04:47,18:25:47,Mobile,mAcumnzu
2023-06-15,10:32:13,11:42:13,Desktop,uvwsDXbM
2023-06-15,12:43:29,14:18:29,Desktop,JuAbVczZ
2023-06-15,12:56:49,13:39:49,Desktop,KA6Ox4xY
2023-06-15,14:53:52,15:09:52,Desktop,WXJEc6ei
2023-06-15,15:52:54,17:25:54,Desktop,E0bnjW79
2023-06-16,10:47:31,11:15:31,Tablet,bnzfDxmf
2023-06-16,15:10:22,16:57:22,Mobile,ySCFFEMo
2023-06-16,20:07:59,22:04:59,Desktop,OMeZ8XlL
2023-06-16,21:06:00,21:17:00,Tablet,I5Jo0Qop
2023-06-16,22:27:12,23:07:12,Desktop,jjfejjn8
2023-06-17,08:34:18,10:01:18,Desktop,gPRfddcD
2023-06-17,12:10:49,12:27:49,Tablet,Cyqvo1sI
2023-06-17,13:00:01,14:18:01,Tablet,FLgq3cny
2023-06-18,13:15:18,14:14:18,Desktop,Hd564t4n
2023-06-18,20:26:06,22:21:06,Desktop,TqLeIAoo
2023-06-19,08:11:39,09:14:39,Desktop,pDzn0mya
2023-06-19,09:47:05,10:25:05,Mobile,cS2UN2c8
2023-06-19,15:18:00,17:16:00,Mobile,z4bNEnVy
2023-06-19,21:06:17,22:16:17,Desktop,m7RzWLAP
2023-06-20,08:20:33,09:41:33,Tablet,2abszC8E
2023-06-21,08:38:22,09:34:22,Tablet,fWhDVapb
2023-06-21,15:19:33,17:16:33,Mobile,5BWTv2L1
2023-06-21,17:52:56,18:06:56,Tablet,aGM7Ekak
2023-06-22,11:28:10,12:20:10,Tablet,15qaGDky
2023-06-22,12:12:58,12:36:58,Mobile,wQy88whP
2023-06-22,20:52:39,22:36:39,Desktop,cB2h56tz
2023-06-23,09:02:53,09:36:53,Desktop,SUQq1v6d
2023-06-23,09:33:24,10:20:24,Mobile,HfqwDlkR
2023-06-23,15:07:14,16:09:14,Desktop,dO80AigP
2023-06-23,20:03:59,22:00:59,Tablet,Td8cD8LF
2023-06-24,09:57:40,10:11:40,Desktop,maOMqlnR
2023-06-24,15:00:06,16:17:06,Tablet,Z5jOu3U7
2023-06-24,21:21:06,22:01:06,Mobile,kCsAGXZU
2023-06-25,08:35:30,08:52:30,Tablet,OaxpVWop
2023-06-25,13:21:33,13:37:33,Tablet,68cCuhJz
2023-06-25,14:57:51,16:52:51,Desktop,VsTTKQ1u
2023-06-25,19:51:09,20:31:09,Tablet,aAdxpfJV
2023-06-25,20:58:21,22:38:21,Tablet,IhISxA30
2023-06-26,16:59:06,18:07:06,Desktop,Sme6D7h1
2023-06-28,20:11:38,21:41:38,Desktop,hEqrOLVn
2023-06-29,15:08:45,16:46:45,Tablet,TX8dOcYd
2023-06-29,18:38:44,19:48:44,Mobile,69vTZyHa
2023-06-29,21:10:14,22:13:14,Tablet,eJ5SDioW
2023-06-30,11:58:45,13:11:45,Mobile,d9Y1A796
2023-06-30,19:25:18,19:41:18,Mobile,y2AYwobX
2023-07-01,15:34:32,16:49:32,Desktop,ocUjphkA
2023-07-01,15:37:33,16:48:33,Desktop,4lEMmjvO
2023-07-01,17:41:29,19:30:29,Mobile,juzI7cEH
2023-07-01,20:26:22,20:58:22,Tablet,b8Byh3ir
2023-07-02,18:03:26,18:33:26,Tablet,iLrrPigX
2023-07-02,18:41:02,19:49:02,Desktop,7Yvh1Dy6
2023-07-03,12:43:19,14:12:19,Desktop,aCxpnZ5N
2023-07-03,19:07:37,20:17:37,Desktop,0gwYW6Rs
2023-07-03,22:27:32,23:05:32,Tablet,yXY4zUZX
2023-07-04,10:48:58,12:21:58,Desktop,8dmhRBFI
2023-07-04,11:09:06,11:36:06,Desktop,DohjoFDQ
2023-07-04,12:06:43,13:04:43,Desktop,sOoWfXOg
2023-07-05,16:10:50,16:32:50,Tablet,sdxyXGBP
2023-07-05,17:29:08,17:52:08,Mobile,bCh0ZTSU
2023-07-06,10:23:17,11:08:17,Desktop,olxRuqhs
2023-07-06,12:00:57,12:31:57,Desktop,r5b2bbPi
2023-07-07,15:41:42,17:25:42,Mobile,OVqall7t
2023-07-07,18:55:21,20:04:21,Tablet,Ss2JDEnO
2023-07-07,19:45:36,21:02:36,Mobile,zjnOW1o8
2023-07-07,21:15:16,21:34:16,Tablet,GDPZs8Ty
2023-07-08,07:41:28,09:34:28,Desktop,q9nvwgCg
2023-07-08,09:42:06,10:57:06,Tablet,luNl6fu4
2023-07-09,09:46:52,10:40:52,Tablet,2r4F2ATb
2023-07-09,18:39:07,19:28:07,Mobile,fYgVEeFG
2023-07-09,20:38:28,21:53:28,Desktop,QZ8syOv9
2023-07-10,11:37:16,12:01:16,Tablet,LOLUNa1c
2023-07-10,12:55:19,14:04:19,Tablet,4zSIEEFf
2023-07-11,07:47:52,09:01:52,Desktop,LhKI5wuF
2023-07-11,10:30:56,11:26:56,Desktop,zlQPKzAg
2023-07-11,11:53:16,12:06:16,Tablet,ODrTJLS2
2023-07-11,18:02:46,18:31:46,Desktop,qYXZNiT4
2023-07-12,15:41:44,17:30:44,Desktop,UYAKN2ag
2023-07-12,18:34:17,20:28:17,Desktop,TkWRy8WM
2023-07-12,21:05:44,22:23:44,Tablet,u2BipLeH
2023-07-13,13:52:35,14:38:35,Desktop,0NPRMYdX
2023-07-13,14:10:34,14:56:34,Tablet,9u6RBxrG
2023-07-13,20:07:42,21:56:42,Tablet,mCfFDuce
2023-07-14,15:11:27,16:58:27,Desktop,HithgWbk
2023-07-14,22:39:25,00:04:25,Tablet,ZFepNyVY
2023-07-15,22:52:01,23:33:01,Tablet,ffuDAQuB
2023-07-16,20:23:11,20:43:11,Mobile,aHholf9E
2023-07-17,14:55:53,15:48:53,Desktop,gpisJsdp
2023-07-17,16:16:00,17:06:00,Desktop,mdHLCMU2
2023-07-17,16:31:37,17:31:37,Desktop,qyaiHP9U
2023-07-17,17:02:13,18:20:13,Desktop,sTQTqkM2
2023-07-18,13:07:58,14:05:58,Mobile,ydcjKmwu
2023-07-19,07:08:51,07:41:51,Desktop,yOXtQoU4
2023-07-19,13:09:40,13:42:40,Tablet,mvgP3Z26
2023-07-19,17:09:38,17:46:38,Mobile,NTu4iR9K
2023-07-19,17:29:48,18:06:48,Tablet,kXMnBQLS
2023-07-20,17:17:20,18:01:20,Desktop,dteU42ZO
2023-07-20,18:39:40,20:15:40,Desktop,Y9S2nJSd
2023-07-20,19:31:14,20:04:14,Tablet,mjprtyRo
2023-07-20,19:47:56,21:17:56,Tablet,eJwjS1CX
2023-07-21,08:13:44,10:08:44,Mobile,pledf6QC
2023-07-21,09:28:10,10:02:10,Desktop,UBDHB929
2023-07-21,18:11:21,19:47:21,Desktop,Z1RoFnqZ
2023-07-22,08:13:20,09:46:20,Mobile,7u4wY36C
2023-07-22,19:54:32,20:35:32,Mobile,mSr8C69F
2023-07-22,21:14:40,23:12:40,Tablet,UzbjzhRm
2023-07-22,22:47:40,23:44:40,Desktop,NpNHXBvy
2023-07-23,08:25:56,08:58:56,Mobile,XCJtDogU
2023-07-23,21:55:47,23:05:47,Desktop,I2AsMabB
2023-07-24,11:10:00,12:44:00,Tablet,RZbbsaIW
2023-07-24,15:50:51,17:45:51,Desktop,XWV7jsN9
2023-07-24,21:05:29,22:22:29,Desktop,LSGUEd2P
2023-07-25,08:23:25,10:06:25,Desktop,FEXdNist
2023-07-25,13:18:39,14:38:39,Desktop,3xn8QNSd
2023-07-25,17:12:36,18:13:36,Mobile,5OnSIPIO
2023-07-26,09:55:08,10:32:08,Mobile,8UoMcWH0
2023-07-26,10:28:29,11:21:29,Desktop,dPXrzBnA
2023-07-26,14:25:08,15:39:08,Tablet,CPu8rEt4
2023-07-27,08:55:09,09:16:09,Desktop,vK9QNr9G
2023-07-27,15:10:11,16:39:11,Mobile,zYOVFYaA
2023-07-27,16:13:37,16:48:37,Mobile,Cg4iKYsx
2023-07-28,10:47:24,12:23:24,Desktop,6VPjzAgL
2023-07-28,22:37:44,23:10:44,Tablet,mjD6rZ4x
2023-07-29,15:26:10,16:55:10,Mobile,fW9PgFC8
2023-07-29,22:15:33,23:15:33,Desktop,YT2BABIe
2023-07-30,19:14:42,20:30:42,Tablet,llFxdYoN
2023-07-31,11:59:44,13:46:44,Desktop,0eDlM3uX
2023-07-31,21:19:14,22:08:14,Desktop,y0T4lojb
2023-08-01,12:16:12,14:10:12,Tablet,Ss0jSyvZ
2023-08-01,17:55:45,18:42:45,Desktop,2t4pzh4U
2023-08-02,11:47:04,12:26:04,Tablet,oxpIYp2L
2023-08-02,12:12:05,13:38:05,Desktop,NmnZHmjN
2023-08-02,15:59:59,16:14:59,Mobile,HEzwHeJ9
2023-08-02,18:03:51,19:24:51,Desktop,zlGyP8a2
2023-08-03,14:27:22,15:50:22,Desktop,JyUcshnZ
2023-08-03,15:48:57,16:31:57,Desktop,VhyItOrE
2023-08-04,15:15:40,16:29:40,Tablet,DfI72dz7
2023-08-04,16:02:07,16:23:07,Mobile,OF2S6ZVe
2023-08-05,07:20:30,08:03:30,Desktop,smwdlZs4
2023-08-05,10:26:26,11:21:26,Desktop,zEU3afZW
2023-08-05,14:26:33,15:59:33,Mobile,e5W6z7a0
2023-08-05,16:46:07,17:34:07,Tablet,GwBUi8h6
2023-08-05,17:27:19,17:40:19,Desktop,svGSsBjh
2023-08-05,20:57:06,22:17:06,Desktop,85t54GNW
2023-08-05,22:41:55,23:10:55,Desktop,dLm3ceNv
2023-08-06,07:56:14,09:11:14,Tablet,Xlu54GFP
2023-08-06,17:39:10,18:18:10,Mobile,ry6IGh2t
2023-08-06,19:08:19,20:12:19,Tablet,HiK9h25Z
2023-08-06,22:53:32,23:09:32,Tablet,LibF25fe
2023-08-07,10:09:39,11:10:39,Desktop,s9dRXQuj
2023-08-07,13:00:03,13:23:03,Mobile,5MgGqfWW
2023-08-07,13:16:29,13:46:29,Tablet,Vn3a3Gwy
2023-08-08,09:15:39,10:36:39,Tablet,tWkCEhQV
2023-08-08,18:47:06,19:53:06,Mobile,mmF06bGR
2023-08-09,20:32:35,20:43:35,Tablet,OzTEh2mH
2023-08-10,11:51:49,13:20:49,Mobile,w7n1p079
2023-08-10,14:47:57,15:26:57,Mobile,jAnYEmPm
2023-08-10,20:23:47,21:20:47,Tablet,8VFDvDFi
2023-08-11,13:18:31,14:42:31,Desktop,UsNfHEYF
2023-08-11,15:05:24,16:45:24,Tablet,ZfxD8ZzF
2023-08-11,19:14:37,20:21:37,Mobile,6JZ04uAi
2023-08-11,21:00:25,23:00:25,Desktop,qRTCaoxa
2023-08-12,10:26:03,11:23:03,Tablet,KZyISRq3
2023-08-12,10:29:40,11:24:40,Desktop,83Nw3wvh
2023-08-12,12:08:12,12:58:12,Desktop,tjoyT0nq
2023-08-12,18:18:51,19:45:51,Tablet,84EROYtd
2023-08-13,10:08:42,11:54:42,Tablet,lbrM33qZ
2023-08-13,10:19:07,11:38:07,Tablet,SROFN2Ul
2023-08-13,15:55:36,16:49:36,Desktop,MFG48h3I
2023-08-13,17:44:05,19:20:05,Tablet,T3yDoQYk
2023-08-14,08:25:04,10:22:04,Mobile,9PDxR2ZD
2023-08-14,19:58:33,21:45:33,Tablet,1e06dX3h
2023-08-14,20:23:04,20:55:04,Desktop,xkcDpOqt
2023-08-14,22:21:36,00:07:36,Desktop,BlRkYM8Y
2023-08-15,07:00:54,07:56:54,Tablet,eQzZYT0X
2023-08-15,07:07:33,08:38:33,Mobile,91oQ10HU
2023-08-15,12:12:21,12:25:21,Desktop,2y2tIgEV
2023-08-15,14:03:07,14:20:07,Desktop,nbpgaTlk
2023-08-16,10:12:54,10:34:54,Mobile,angc5jT6
2023-08-16,10:31:23,11:32:23,Mobile,pX2nZ4ua
2023-08-16,13:28:55,14:34:55,Desktop,DM1W3D5y
2023-08-16,14:24:56,15:23:56,Desktop,zVMUUAZD
2023-08-16,19:05:51,20:40:51,Mobile,JMbOnjQT
2023-08-17,09:37:53,10:24:53,Tablet,dw01mgCO
2023-08-17,10:48:54,12:38:54,Desktop,tQSKYiaC
2023-08-17,16:03:52,17:56:52,Mobile,FcA5flJv
2023-08-17,16:50:13,17:42:13,Desktop,QrxodAj1
2023-08-17,18:08:30,18:28:30,Desktop,bewVViE8
2023-08-19,07:43:18,08:37:18,Desktop,45Z6tOm9
2023-08-19,13:04:39,14:18:39,Desktop,ZNRp2bNw
2023-08-20,16:44:14,17:06:14,Tablet,nHAMXf53
2023-08-20,17:06:58,18:26:58,Mobile,kR9TDL0p
2023-08-21,09:12:46,10:00:46,Desktop,kN6QiTyr
2023-08-21,18:19:51,18:55:51,Tablet,3hR102hx
2023-08-21,20:39:50,22:22:50,Desktop,zasLfgPL
2023-08-22,10:19:55,10:33:55,Desktop,oyjtizg5
2023-08-22,11:33:17,11:47:17,Desktop,SkmK88l0
2023-08-22,19:11:03,20:17:03,Tablet,bYpoDagC
2023-08-23,12:06:26,12:45:26,Mobile,fp6lQ2qM
2023-08-24,09:21:48,10:55:48,Desktop,ODZkgIaT
2023-08-24,13:43:10,15:05:10,Desktop,PkWA3yQI
2023-08-24,17:04:29,19:04:29,Mobile,0nQ99Cep
2023-08-24,18:43:05,20:18:05,Mobile,7Eo3dm9o
2023-08-25,07:58:10,09:39:10,Tablet,E3kKOvDi
2023-08-25,08:02:22,09:11:22,Tablet,IsCq8n9u
2023-08-25,11:25:36,13:06:36,Mobile,4OVQ0VmC
2023-08-25,13:41:22,14:09:22,Tablet,Sz3Iaf24
2023-08-25,21:20:14,21:58:14,Tablet,9w0DMci2
2023-08-25,21:49:33,22:34:33,Desktop,ReeykM9V
2023-08-26,07:46:20,08:04:20,Desktop,megmeDrA
2023-08-26,12:05:31,13:46:31,Desktop,CL7YAR7h
2023-08-26,13:18:24,14:46:24,Tablet,GWc9wzYp
2023-08-26,22:40:29,23:06:29,Tablet,yYLkRxmi
2023-08-27,14:10:46,16:07:46,Desktop,Jt86DzLe
2023-08-29,09:02:50,10:47:50,Tablet,Iop4zor6
2023-08-30,20:11:47,21:22:47,Mobile,uZkeWeuW
2023-08-31,07:50:01,08:13:01,Tablet,46Yr53yL
2023-08-31,10:57:33,11:07:33,Mobile,DGQiQMAt
2023-08-31,14:49:30,15:19:30,Mobile,mbUV7hKm
2023-09-01,11:07:34,11:42:34,Tablet,aKRANbzD
2023-09-01,12:35:29,13:33:29,Desktop,oz8T7liS
2023-09-01,13:59:08,15:31:08,Mobile,wFSCPj8D
2023-09-01,15:01:59,16:18:59,Tablet,zjSNoNqY
2023-09-01,18:16:41,19:09:41,Tablet,xMvvIHon
2023-09-02,15:16:36,16:23:36,Desktop,pmAnf2kg
2023-09-03,09:12:09,10:38:09,Desktop,mvmJms43
2023-09-04,12:08:52,14:05:52,Mobile,AVQS8vxz
2023-09-05,08:53:14,10:50:14,Desktop,89qqj5FP
2023-09-06,12:57:31,13:52:31,Desktop,2AbnHtV1
2023-09-06,15:17:58,15:42:58,Mobile,Fivv9E75
2023-09-06,16:34:52,18:17:52,Mobile,FhYVLo9F
2023-09-06,18:11:50,20:06:50,Tablet,1mnedwdN
2023-09-07,19:24:53,21:02:53,Desktop,p2On7p87
2023-09-08,18:52:34,19:49:34,Mobile,YwRz0c2j
2023-09-09,21:21:50,23:15:50,Desktop,afjxKadp
2023-09-09,21:39:10,22:31:10,Tablet,LAe5fuko
2023-09-09,22:15:18,23:25:18,Mobile,glLWjLj2
2023-09-10,08:31:05,10:05:05,Mobile,hZyquzR1
2023-09-10,08:35:11,10:24:11,Tablet,FzH2s1Xe
2023-09-10,10:40:10,12:18:10,Tablet,OfwBqFcB
2023-09-10,12:10:30,13:21:30,Mobile,qvhitEVX
2023-09-10,12:35:11,13:14:11,Desktop,26VrPYpq
2023-09-12,08:45:11,09:20:11,Desktop,l0zWAzoi
2023-09-12,11:28:50,11:49:50,Desktop,wW5ycx88
2023-09-12,21:27:02,22:28:02,Tablet,veZSS1SE
2023-09-13,08:07:47,09:39:47,Desktop,PMN4VKCW
2023-09-13,08:19:32,10:10:32,Desktop,6eg98JyG
2023-09-13,13:50:01,14:43:01,Tablet,5RNeaige
2023-09-13,15:15:50,16:33:50,Tablet,q6qzDcSt
2023-09-13,22:10:05,23:15:05,Tablet,loJwxSzq
2023-09-14,08:44:21,09:22:21,Mobile,YtwAz5Oj
2023-09-14,12:19:14,14:12:14,Mobile,EFjF29yl
2023-09-14,14:12:19,14:31:19,Tablet,EJfY2lva
2023-09-14,15:48:35,16:11:35,Tablet,dOYKOreD
2023-09-15,09:10:37,10:05:37,Tablet,PVgT7E7j
2023-09-15,11:06:22,12:07:22,Mobile,hMAsgbRp
2023-09-15,13:54:18,15:35:18,Mobile,g2FOpUqG
2023-09-15,20:37:00,21:54:00,Desktop,dGucjsmy
2023-09-16,13:39:28,14:52:28,Mobile,UvNFXCud
2023-09-16,16:45:19,18:38:19,Tablet,zCpcTENH
2023-09-16,21:28:56,22:58:56,Desktop,mqQkGbLR
2023-09-17,20:11:33,21:11:33,Mobile,uAfJSa8z
2023-09-18,16:17:49,17:25:49,Tablet,zg1vhBZM
2023-09-18,20:25:02,21:31:02,Desktop,sPqkdSTo
2023-09-19,19:18:01,21:08:01,Tablet,9AyUkXf7
2023-09-20,10:56:17,12:48:17,Mobile,4oNa4zKA
2023-09-20,16:03:03,17:10:03,Tablet,hL1atO4k
2023-09-21,10:42:33,11:08:33,Desktop,v2M0Qibt
2023-09-21,12:31:56,14:31:56,Desktop,glcKOhoa
2023-09-21,14:38:55,15:44:55,Tablet,AtaFSMjZ
2023-09-21,17:57:39,19:02:39,Tablet,Gs9uUDYc
2023-09-23,12:24:45,13:03:45,Mobile,fylTVYHP
2023-09-24,14:44:35,16:38:35,Tablet,he4I1IK7
2023-09-24,17:57:52,18:51:52,Tablet,SKV5Go7j
2023-09-24,19:16:26,20:23:26,Tablet,O4fFQilN
2023-09-24,22:05:06,22:30:06,Desktop,eKqWlT6A
2023-09-25,11:52:59,12:45:59,Mobile,aMAlAifJ
2023-09-25,18:43:07,19:06:07,Tablet,eyXKDBEv
2023-09-25,19:21:29,21:18:29,Desktop,6VcICts9
2023-09-26,10:02:22,11:02:22,Desktop,M4AdxwON
2023-09-26,17:26:11,18:53:11,Tablet,d2NSFZ37
2023-09-26,19:04:30,20:36:30,Desktop,tjT0hyC4
2023-09-26,19:32:22,20:31:22,Desktop,6Hi2WICZ
2023-09-27,11:02:24,12:42:24,Desktop,h3Cci5oH
2023-09-27,13:41:37,13:59:37,Desktop,jASfqOMu
2023-09-27,17:04:50,17:55:50,Tablet,9rT1kGaT
2023-09-28,07:11:30,08:59:30,Desktop,YCQQslZ3
2023-09-28,11:09:18,11:45:18,Desktop,qWIWPhju
2023-09-28,13:57:36,14:39:36,Desktop,ycOb0kry
2023-09-29,08:31:40,08:45:40,Mobile,VT5xiUag
2023-09-30,15:07:56,15:46:56,Desktop,MYovC51w
2023-09-30,16:20:03,16:48:03,Mobile,deUZh14L
2023-09-30,19:04:28,21:03:28,Mobile,U5yA3NGD
2023-10-01,22:27:32,22:55:32,Desktop,XcmHvJJ0
2023-10-03,07:20:14,08:47:14,Mobile,kYbhCbD3
2023-10-03,19:48:19,20:35:19,Mobile,xrb07ipl
2023-10-03,20:50:10,22:27:10,Mobile,HmC3CAIw
2023-10-04,14:42:00,14:59:00,Tablet,wZYv32cd
2023-10-04,15:30:51,15:47:51,Tablet,iiI3aaIh
2023-10-04,15:55:42,16:13:42,Desktop,iI5n63AI
2023-10-05,08:05:40,08:42:40,Tablet,U8wqQEYG
2023-10-05,19:32:57,20:48:57,Mobile,WaS8CZhY
2023-10-06,10:12:09,10:35:09,Tablet,KBLuc05o
2023-10-06,12:49:06,14:46:06,Tablet,noh9ce26
2023-10-07,21:45:39,23:44:39,Mobile,skObdVMB
2023-10-07,22:16:46,23:15:46,Tablet,ye04MMjJ
2023-10-08,10:37:20,12:06:20,Tablet,Xe3ThUR6
2023-10-08,11:49:23,12:16:23,Tablet,b9BilHYY
2023-10-08,19:16:48,19:55:48,Desktop,xsdWe6Qd
2023-10-09,07:04:18,08:19:18,Tablet,n6WGuNKx
2023-10-09,07:18:40,07:33:40,Mobile,NJDptERB
2023-10-09,17:22:50,18:21:50,Desktop,Lzp7vph3
2023-10-09,20:37:39,22:09:39,Tablet,A2YB5kzW
2023-10-10,17:09:48,17:40:48,Mobile,4PJTGVSy
2023-10-11,09:34:04,10:33:04,Desktop,KQVRrItP
2023-10-11,10:57:53,12:34:53,Mobile,M9JNb3RZ
2023-10-11,14:14:23,15:01:23,Mobile,peu5f5z0
2023-10-11,16:14:47,17:12:47,Mobile,7ujSb64l
2023-10-11,21:41:46,22:45:46,Mobile,x40a8191
2023-10-12,17:46:20,18:35:20,Tablet,fu1uWoqm
2023-10-12,20:07:10,20:38:10,Mobile,0CI9SYvO
2023-10-13,10:08:33,10:46:33,Desktop,watyht1O
2023-10-13,15:44:34,17:29:34,Tablet,jqRrWVzQ
2023-10-13,16:19:21,17:50:21,Desktop,clwjaz2C
2023-10-14,15:21:04,17:02:04,Tablet,q85lg1Rd
2023-10-14,18:52:43,20:06:43,Desktop,8a5C6jXO
2023-10-15,12:15:16,13:32:16,Desktop,xNEU4pkW
2023-10-15,13:14:58,14:27:58,Tablet,6kTwRaXq
2023-10-15,14:33:23,16:11:23,Tablet,JElBe5oF
2023-10-15,14:50:22,16:35:22,Tablet,XGh34DHU
2023-10-16,07:35:01,08:07:01,Tablet,x2kU8l0S
2023-10-16,13:42:08,14:45:08,Tablet,MBgpSuys
2023-10-16,15:10:10,15:57:10,Desktop,EhdIo0Un
2023-10-16,17:47:37,19:16:37,Tablet,EYYpQGon
2023-10-16,18:59:33,20:58:33,Mobile,01VKIrRL
2023-10-16,20:28:44,21:37:44,Mobile,DgM4P0eL
2023-10-17,09:55:16,10:12:16,Tablet,thirxCPU
2023-10-17,19:22:23,20:50:23,Mobile,0Jx87ub4
2023-10-18,21:17:47,23:17:47,Tablet,a2kLoQyB
2023-10-19,11:43:40,12:14:40,Desktop,MU7HilC4
2023-10-20,08:22:30,09:56:30,Mobile,FdCWQ9Ff
2023-10-20,11:22:50,12:12:50,Tablet,Kmz1l9lV
2023-10-20,15:50:08,17:24:08,Mobile,5IzdZFVW
2023-10-20,19:01:53,20:18:53,Desktop,y5lRSmmP
2023-10-20,19:23:17,20:18:17,Mobile,MEyCWfkg
2023-10-22,16:08:26,17:59:26,Mobile,WvTOqV8J
2023-10-23,14:03:11,15:28:11,Tablet,6fFTYOaW
2023-10-23,17:31:10,18:52:10,Tablet,aKgpWiRx
2023-10-23,19:06:22,20:17:22,Tablet,CYS73wYC
2023-10-23,20:12:52,20:57:52,Tablet,hRO7CXKw
2023-10-24,09:57:36,11:08:36,Desktop,Xjtjv3Nw
2023-10-24,12:39:31,13:52:31,Tablet,OQQZSC7H
2023-10-24,17:11:16,18:04:16,Tablet,1o5ATdtX
2023-10-24,22:30:06,22:55:06,Desktop,9CwVk5FZ
2023-10-26,14:15:21,15:59:21,Desktop,vnUlAf0I
2023-10-26,16:35:24,18:18:24,Tablet,ACCuGXyu
2023-10-26,16:39:55,18:20:55,Tablet,InDoK4iz
2023-10-26,21:44:02,22:59:02,Mobile,bKcVilIs
2023-10-26,22:54:16,23:48:16,Tablet,fZSPnIuf
2023-10-27,14:02:27,14:57:27,Mobile,p96Mcf0e
2023-10-27,17:40:12,19:36:12,Tablet,kZLbqkOD
2023-10-28,12:28:29,13:00:29,Mobile,kU6pxNZV
2023-10-28,14:22:39,15:37:39,Desktop,3zMabZLf
2023-10-29,15:52:01,16:52:01,Mobile,Y6XZIlAA
2023-10-30,09:35:22,11:13:22,Mobile,JKySSt7G
2023-10-30,19:59:02,20:10:02,Mobile,6jrpISN3
2023-10-31,13:54:51,14:09:51,Mobile,uftGYZon
2023-11-01,11:43:05,11:58:05,Mobile,6W4AlK1S
2023-11-01,13:50:57,15:47:57,Tablet,a2egS5pl
2023-11-01,13:53:25,14:48:25,Tablet,vSg6JFR2
2023-11-01,14:53:39,16:00:39,Mobile,x7VLPa8i
2023-11-01,19:25:10,19:38:10,Desktop,zfkivEmR
2023-11-02,07:51:39,08:41:39,Desktop,HWCEBmB6
2023-11-02,07:55:54,09:21:54,Tablet,LVAMUw9M
2023-11-02,08:34:42,10:19:42,Mobile,TQNHXv9k
2023-11-02,11:10:52,11:55:52,Mobile,plJybY2P
2023-11-02,19:32:14,20:33:14,Desktop,rta3u1xN
2023-11-03,18:25:31,20:22:31,Tablet,Sb684M0i
2023-11-03,22:05:20,22:25:20,Mobile,pd1PactT
2023-11-04,08:04:36,08:27:36,Desktop,6SykqdZW
2023-11-04,11:30:41,13:29:41,Desktop,7JvUOY8r
2023-11-04,13:26:48,15:20:48,Tablet,RRFEWxrn
2023-11-04,22:46:44,00:46:44,Mobile,JTVEBwoj
2023-11-05,07:29:05,07:51:05,Desktop,yWxtQosa
2023-11-06,20:03:26,21:58:26,Desktop,4WuKunEX
2023-11-07,09:44:05,11:19:05,Mobile,3vyIiAzW
2023-11-07,14:29:20,15:20:20,Desktop,hnj7iivG
2023-11-07,20:42:19,22:25:19,Mobile,gFPdGeHd
2023-11-07,21:25:17,23:05:17,Mobile,y9DEDE1N
2023-11-08,20:03:42,20:40:42,Tablet,Efl5tRtW
2023-11-09,07:13:55,08:19:55,Tablet,kPTuEjM9
2023-11-09,19:36:30,20:52:30,Tablet,wfldR5mJ
2023-11-09,21:06:10,21:17:10,Mobile,raeV10B5
2023-11-10,14:03:31,15:30:31,Desktop,hqhid1m9
2023-11-11,07:26:56,08:45:56,Desktop,VmnpS19Q
2023-11-11,14:12:23,14:40:23,Desktop,Il5wOKZ7
2023-11-11,15:59:14,16:32:14,Tablet,hMtNDnNE
2023-11-11,19:05:36,21:03:36,Desktop,myN8g4Pg
2023-11-12,07:20:53,08:18:53,Tablet,JSRVBOuu
2023-11-12,12:54:13,14:40:13,Tablet,KwEpxQHM
2023-11-12,19:48:11,20:14:11,Tablet,D7wWY015
2023-11-12,22:10:31,23:14:31,Mobile,MPjIrIke
2023-11-13,07:31:17,08:26:17,Desktop,5wByWE3s
2023-11-13,15:14:41,15:54:41,Tablet,72QB0plj
2023-11-13,15:48:49,17:00:49,Mobile,cVCKKxFg
2023-11-14,09:18:14,10:35:14,Mobile,PC6zWith
2023-11-14,21:40:12,23:00:12,Mobile,3sSglK3G
2023-11-15,18:10:49,19:28:49,Tablet,jr4p8Zdb
2023-11-15,18:43:39,18:59:39,Tablet,Yp3GYwjA
2023-11-16,08:00:31,09:03:31,Desktop,CuwWJJEv
2023-11-16,13:25:58,15:04:58,Tablet,JP3DlGIB
2023-11-16,15:37:27,17:11:27,Mobile,iYqjojc2
2023-11-16,21:18:10,23:18:10,Desktop,kQATs0Sq
2023-11-17,08:33:55,08:50:55,Desktop,hw14y1SZ
2023-11-17,19:53:11,20:41:11,Mobile,OlNyLekS
2023-11-17,21:59:03,23:17:03,Desktop,jwRLxcQo
2023-11-18,07:36:59,08:53:59,Desktop,fYCMmwyY
2023-11-18,17:29:51,18:45:51,Desktop,jg5sShw9
2023-11-19,08:50:18,09:07:18,Mobile,5uvIrqLT
2023-11-19,15:50:49,17:17:49,Tablet,kUWGaIJP
2023-11-19,19:18:37,20:59:37,Mobile,HRjWepWK
2023-11-19,21:52:01,23:23:01,Desktop,sfAtGddV
2023-11-20,17:40:53,19:07:53,Desktop,m55WqgYK
2023-11-21,07:21:18,07:52:18,Desktop,eaTdTaT1
2023-11-21,14:29:58,16:07:58,Mobile,lCL9D04k
2023-11-21,18:54:14,20:13:14,Mobile,FLKzRXPz
2023-11-21,20:20:59,20:46:59,Tablet,BYYoJAPB
2023-11-22,17:31:37,18:24:37,Mobile,QrWZfvY1
2023-11-22,19:59:12,21:21:12,Tablet,yKd267Uy
2023-11-22,20:38:20,21:43:20,Mobile,7GWHlAB7
2023-11-22,22:33:37,00:08:37,Mobile,FHr85kTX
2023-11-23,10:50:41,12:05:41,Tablet,WCtMInA1
2023-11-23,15:11:35,16:19:35,Tablet,jRUvMh7m
2023-11-23,18:19:07,18:34:07,Desktop,uqpWwLh1
2023-11-24,15:07:49,16:53:49,Mobile,O4xDKPdl
2023-11-24,22:51:44,00:03:44,Mobile,hOJHYj7U
2023-11-25,09:34:22,11:07:22,Mobile,qdcs1FGk
2023-11-25,18:55:52,19:35:52,Mobile,m4VaE6Nu
2023-11-25,20:33:37,20:45:37,Tablet,6HhlXXH0
2023-11-26,08:02:25,09:52:25,Mobile,7iy4s88t
2023-11-26,09:02:22,09:23:22,Mobile,FmlsoPZY
2023-11-26,14:09:48,16:06:48,Tablet,Z2Y9N6mu
2023-11-26,16:56:57,18:35:57,Desktop,om1Limuo
2023-11-26,18:11:11,18:27:11,Tablet,IpwfjdIo
2023-11-27,10:03:58,10:29:58,Desktop,8LDb3j2o
2023-11-27,10:22:57,10:59:57,Desktop,Kb6iuQF9
2023-11-27,15:58:09,16:44:09,Desktop,0cmau0Fs
2023-11-27,16:05:36,17:25:36,Tablet,ICo1HN3V
2023-11-27,19:39:23,21:20:23,Desktop,lU4fRN34
2023-11-28,09:30:40,11:13:40,Mobile,nQRk8BWy
2023-11-28,14:41:44,16:19:44,Tablet,jNAVpYR9
2023-11-28,17:20:25,18:47:25,Tablet,YOD7ZW9f
2023-11-29,09:43:13,10:35:13,Tablet,tDxkTVEQ
2023-11-29,17:56:43,19:22:43,Desktop,vzO9iHwF
2023-11-30,07:29:03,08:09:03,Desktop,q0aFDY5K
2023-11-30,22:53:39,23:49:39,Tablet,bvdwjfig
2023-12-01,12:59:24,14:08:24,Mobile,PVo46Pw3
2023-12-01,15:52:54,16:06:54,Desktop,IBDO05JD
2023-12-02,10:08:40,11:21:40,Mobile,cL3s0S91
2023-12-02,14:54:13,15:33:13,Desktop,VVJir5jI
2023-12-02,16:06:54,17:11:54,Mobile,CWlIwnIx
2023-12-02,19:21:34,20:22:34,Tablet,ivPJNcIE
2023-12-04,15:23:27,16:08:27,Tablet,0PhtLeAG
2023-12-04,21:33:29,23:04:29,Tablet,I8ArMrow
2023-12-06,08:06:50,09:53:50,Mobile,gIXLH7fL
2023-12-06,12:32:09,14:16:09,Tablet,1BBezWjV
2023-12-06,19:35:17,20:37:17,Mobile,IVuLjwEj
2023-12-07,11:10:09,11:59:09,Mobile,5G0lF0D4
2023-12-07,11:31:11,12:02:11,Desktop,l71z9aw7
2023-12-07,18:06:33,19:38:33,Desktop,wCyJS7iW
2023-12-07,18:40:35,19:21:35,Desktop,X5WRizFa
2023-12-08,08:18:59,09:48:59,Desktop,8zXA4fG6
2023-12-08,09:29:30,10:34:30,Tablet,JxxC3tp5
2023-12-08,09:42:28,09:55:28,Desktop,6ReUYRHU
2023-12-08,20:06:47,22:02:47,Tablet,3e847vfG
2023-12-08,22:46:32,23:05:32,Desktop,3nKUM5NI
2023-12-09,08:00:58,08:36:58,Desktop,YQUXYRWF
2023-12-09,10:19:55,11:37:55,Mobile,zS4Qncrd
2023-12-09,12:42:16,14:19:16,Tablet,HWMyj2Dt
2023-12-09,18:17:35,18:41:35,Mobile,VdsNV842
2023-12-10,17:47:05,19:23:05,Mobile,I0UzRWy2
2023-12-10,18:50:37,20:09:37,Mobile,BuEcinT0
2023-12-11,18:53:44,19:04:44,Mobile,HCWnO7fW
2023-12-11,20:50:42,22:25:42,Mobile,EJove3rG
2023-12-12,15:24:42,16:57:42,Mobile,99Sfowc3
2023-12-12,22:41:31,23:40:31,Mobile,UJ235WGG
2023-12-13,18:53:05,20:08:05,Desktop,mu3PJSIG
2023-12-13,20:21:37,21:49:37,Tablet,mHodo7jN
2023-12-14,08:23:43,08:54:43,Mobile,AKMMgMsw
2023-12-14,11:56:09,13:07:09,Tablet,GwAppqIQ
2023-12-14,16:53:41,17:13:41,Mobile,IL5BeCen
2023-12-14,22:37:29,23:51:29,Desktop,5YE921nu
2023-12-15,11:49:58,13:11:58,Tablet,FhYjD0Sa
2023-12-15,15:59:08,16:18:08,Mobile,4Ex60RCy
2023-12-15,16:31:58,16:54:58,Tablet,LQjiFLTV
2023-12-17,14:26:47,15:08:47,Desktop,DE3Umci2
2023-12-17,15:52:10,16:58:10,Desktop,WTYnfXzW
2023-12-17,19:36:58,20:38:58,Desktop,ijYkQvcR
2023-12-18,09:23:19,11:09:19,Tablet,YuMzDZZh
2023-12-18,19:36:28,21:11:28,Desktop,R5bn8yy9
2023-12-18,20:10:03,20:51:03,Tablet,PP1z9L37
2023-12-18,20:11:21,21:52:21,Tablet,jDpPsWii
2023-12-18,21:18:02,23:16:02,Mobile,vO7BvH7V
2023-12-20,15:46:54,17:22:54,Tablet,C9VGEsx8
2023-12-21,09:16:04,10:45:04,Desktop,B1yiDMPd
2023-12-21,10:13:32,11:12:32,Tablet,WzPJMDal
2023-12-21,16:03:20,16:30:20,Mobile,lOWRUuv6
2023-12-21,19:13:39,19:41:39,Desktop,0t22tJam
2023-12-22,07:51:30,09:00:30,Mobile,lDbG5css
2023-12-22,08:16:39,08:56:39,Desktop,JUVnah5b
2023-12-22,12:00:00,13:59:00,Tablet,2nsMZWX1
2023-12-22,16:04:10,16:43:10,Desktop,KLbDpSkX
2023-12-22,16:52:21,18:47:21,Desktop,vXouSTTz
2023-12-23,15:14:06,16:45:06,Tablet,Oj7bMRGS
2023-12-25,07:11:36,08:38:36,Desktop,dapGRrc1
2023-12-25,08:36:51,09:31:51,Mobile,NYzRnY3x
2023-12-25,12:43:43,13:26:43,Desktop,h0ec3n75
2023-12-25,16:54:41,18:49:41,Mobile,s4l53sab
2023-12-25,18:08:47,19:21:47,Tablet,CnFn5LsD
2023-12-25,19:05:59,19:45:59,Tablet,qOXjDxzv
2023-12-25,21:35:47,23:34:47,Tablet,QlnkUrV1
2023-12-26,21:24:29,23:12:29,Tablet,s54KxHra
2023-12-27,12:53:20,14:34:20,Tablet,ThuTGzlM
2023-12-27,15:09:52,17:04:52,Desktop,Y2RdNkk4
2023-12-28,10:33:36,12:10:36,Tablet,gdmN2vHB
2023-12-28,11:55:00,12:58:00,Tablet,hzW9Hnjd
2023-12-28,12:27:31,13:25:31,Mobile,cwEnaCOi
2023-12-28,13:29:54,14:40:54,Desktop,U1ODaDJS
2023-12-28,16:51:46,18:46:46,Mobile,NhZRZJ0U
2023-12-29,07:06:37,07:46:37,Mobile,HDodWlpv
2023-12-29,10:33:45,11:57:45,Mobile,JLLpqfco
2023-12-29,15:20:35,15:45:35,Desktop,S6LlEQHI
2023-12-29,16:42:54,17:07:54,Tablet,OphDsI4R
2023-12-30,07:56:35,09:41:35,Tablet,W6mLtBcj
2023-12-30,15:30:55,16:55:55,Mobile,m7ycmqIY
2023-12-31,07:18:10,07:47:10,Desktop,OHIy6x8U
2023-12-31,08:04:17,08:31:17,Mobile,mzk4WNmk
2023-12-31,12:31:43,12:49:43,Tablet,909CfYmO
2023-12-31,20:41:00,21:41:00,Tablet,7qOn4cWa
2023-12-31,21:43:42,23:35:42,Desktop,zpQn3tk2
